{"company_name": "exxonmobil", "timestamp": "2025-03-30 08:59:44", "mislead_scores": [0.5783553123474121, 0.4216446578502655], "vague_scores": [0.5544829368591309, 0.44551706314086914], "public_sentiment": 0.62, "number_of_false_claims": 6, "contradictions": []}